CREATE DATABASE IF NOT EXISTS company_ai;
USE company_ai;

CREATE TABLE IF NOT EXISTS products (
product_id INT PRIMARY KEY,
product_name VARCHAR(100),
category VARCHAR(50),
price DECIMAL(10,2)
);

INSERT INTO products VALUES
(1,'Product1','Electronics',1000),
(2,'Product2','Electronics',1100),
(3,'Product3','Electronics',1200),
(4,'Product4','Electronics',1300),
(5,'Product5','Electronics',1400),
(6,'Product6','Electronics',1500),
(7,'Product7','Electronics',1600),
(8,'Product8','Electronics',1700),
(9,'Product9','Electronics',1800),
(10,'Product10','Electronics',1900),
(11,'Product11','Electronics',2000),
(12,'Product12','Electronics',2100),
(13,'Product13','Electronics',2200),
(14,'Product14','Electronics',2300),
(15,'Product15','Electronics',2400),
(16,'Product16','Electronics',2500),
(17,'Product17','Electronics',2600),
(18,'Product18','Electronics',2700),
(19,'Product19','Electronics',2800),
(20,'Product20','Electronics',2900),
(21,'Product21','Electronics',3000),
(22,'Product22','Electronics',3100),
(23,'Product23','Electronics',3200),
(24,'Product24','Electronics',3300),
(25,'Product25','Electronics',3400),
(26,'Product26','Electronics',3500),
(27,'Product27','Electronics',3600),
(28,'Product28','Electronics',3700),
(29,'Product29','Electronics',3800),
(30,'Product30','Electronics',3900),
(31,'Product31','Electronics',4000),
(32,'Product32','Electronics',4100),
(33,'Product33','Electronics',4200),
(34,'Product34','Electronics',4300),
(35,'Product35','Electronics',4400),
(36,'Product36','Electronics',4500),
(37,'Product37','Electronics',4600),
(38,'Product38','Electronics',4700),
(39,'Product39','Electronics',4800),
(40,'Product40','Electronics',4900);

CREATE TABLE IF NOT EXISTS customers (
customer_id INT PRIMARY KEY,
customer_name VARCHAR(100),
region VARCHAR(50)
);

INSERT INTO customers VALUES
(1,'Customer1','South'),
(2,'Customer2','North'),
(3,'Customer3','East'),
(4,'Customer4','West'),
(5,'Customer5','South'),
(6,'Customer6','North'),
(7,'Customer7','East'),
(8,'Customer8','West'),
(9,'Customer9','South'),
(10,'Customer10','North'),
(11,'Customer11','East'),
(12,'Customer12','West'),
(13,'Customer13','South'),
(14,'Customer14','North'),
(15,'Customer15','East'),
(16,'Customer16','West'),
(17,'Customer17','South'),
(18,'Customer18','North'),
(19,'Customer19','East'),
(20,'Customer20','West'),
(21,'Customer21','South'),
(22,'Customer22','North'),
(23,'Customer23','East'),
(24,'Customer24','West'),
(25,'Customer25','South'),
(26,'Customer26','North'),
(27,'Customer27','East'),
(28,'Customer28','West'),
(29,'Customer29','South'),
(30,'Customer30','North'),
(31,'Customer31','East'),
(32,'Customer32','West'),
(33,'Customer33','South'),
(34,'Customer34','North'),
(35,'Customer35','East'),
(36,'Customer36','West'),
(37,'Customer37','South'),
(38,'Customer38','North'),
(39,'Customer39','East'),
(40,'Customer40','West');

CREATE TABLE IF NOT EXISTS employees (
employee_id INT PRIMARY KEY,
employee_name VARCHAR(100),
department VARCHAR(50)
);

INSERT INTO employees VALUES
(1,'Employee1','Sales'),
(2,'Employee2','Sales'),
(3,'Employee3','Marketing'),
(4,'Employee4','Finance'),
(5,'Employee5','Sales'),
(6,'Employee6','Marketing'),
(7,'Employee7','Finance'),
(8,'Employee8','Sales'),
(9,'Employee9','Marketing'),
(10,'Employee10','Finance'),
(11,'Employee11','Sales'),
(12,'Employee12','Marketing'),
(13,'Employee13','Finance'),
(14,'Employee14','Sales'),
(15,'Employee15','Marketing'),
(16,'Employee16','Finance'),
(17,'Employee17','Sales'),
(18,'Employee18','Marketing'),
(19,'Employee19','Finance'),
(20,'Employee20','Sales'),
(21,'Employee21','Marketing'),
(22,'Employee22','Finance'),
(23,'Employee23','Sales'),
(24,'Employee24','Marketing'),
(25,'Employee25','Finance'),
(26,'Employee26','Sales'),
(27,'Employee27','Marketing'),
(28,'Employee28','Finance'),
(29,'Employee29','Sales'),
(30,'Employee30','Marketing'),
(31,'Employee31','Finance'),
(32,'Employee32','Sales'),
(33,'Employee33','Marketing'),
(34,'Employee34','Finance'),
(35,'Employee35','Sales'),
(36,'Employee36','Marketing'),
(37,'Employee37','Finance'),
(38,'Employee38','Sales'),
(39,'Employee39','Marketing'),
(40,'Employee40','Finance');

CREATE TABLE IF NOT EXISTS sales (
sale_id INT PRIMARY KEY,
product_id INT,
customer_id INT,
employee_id INT,
sales_amount DECIMAL(10,2),
sale_date DATE
);

INSERT INTO sales VALUES
(1,1,1,1,1000,'2025-01-01'),
(2,2,2,2,1100,'2025-01-02'),
(3,3,3,3,1200,'2025-01-03'),
(4,4,4,4,1300,'2025-01-04'),
(5,5,5,5,1400,'2025-01-05'),
(6,6,6,6,1500,'2025-01-06'),
(7,7,7,7,1600,'2025-01-07'),
(8,8,8,8,1700,'2025-01-08'),
(9,9,9,9,1800,'2025-01-09'),
(10,10,10,10,1900,'2025-01-10'),
(11,11,11,11,2000,'2025-01-11'),
(12,12,12,12,2100,'2025-01-12'),
(13,13,13,13,2200,'2025-01-13'),
(14,14,14,14,2300,'2025-01-14'),
(15,15,15,15,2400,'2025-01-15'),
(16,16,16,16,2500,'2025-01-16'),
(17,17,17,17,2600,'2025-01-17'),
(18,18,18,18,2700,'2025-01-18'),
(19,19,19,19,2800,'2025-01-19'),
(20,20,20,20,2900,'2025-01-20'),
(21,21,21,21,3000,'2025-01-21'),
(22,22,22,22,3100,'2025-01-22'),
(23,23,23,23,3200,'2025-01-23'),
(24,24,24,24,3300,'2025-01-24'),
(25,25,25,25,3400,'2025-01-25'),
(26,26,26,26,3500,'2025-01-26'),
(27,27,27,27,3600,'2025-01-27'),
(28,28,28,28,3700,'2025-01-28'),
(29,29,29,29,3800,'2025-01-29'),
(30,30,30,30,3900,'2025-01-30'),
(31,31,31,31,4000,'2025-01-31'),
(32,32,32,32,4100,'2025-02-01'),
(33,33,33,33,4200,'2025-02-02'),
(34,34,34,34,4300,'2025-02-03'),
(35,35,35,35,4400,'2025-02-04'),
(36,36,36,36,4500,'2025-02-05'),
(37,37,37,37,4600,'2025-02-06'),
(38,38,38,38,4700,'2025-02-07'),
(39,39,39,39,4800,'2025-02-08'),
(40,40,40,40,4900,'2025-02-09');